workloads,assassyn.cycle,assassyn.k/s,av.k/s
kmp,8192,1435.9333917616127,81.92
spmv,25198,183.3395178952117,50.396
merge_sort,49152,235.90733034801514,54.61333333333334
radix_sort,49433,869.212779799898,81.03770491803279
conv_sum,70309,1979.6987188511896,92.51184210526316
fft,55309,271.3313677683315,59.472043010752685
