workloads,assassyn.cycle,assassyn.k/s,av.k/s
kmp,8192,1414.853195164076,81.92
spmv,25198,187.55349792707162,51.42448979591837
merge_sort,49152,235.96735477676427,56.49655172413793
radix_sort,49433,842.2155586601697,77.2390625
conv_sum,70309,1876.2575721185922,86.80123456790123
