workloads,assassyn.cycle,assassyn.k/s,av.k/s
kmp,8192,1319.8002255517963,66.69597642193021
spmv,25198,169.51683866367074,43.8520467653068
merge_sort,49152,218.5922608591238,50.57924513934195
radix_sort,49433,782.6011240402122,61.67045300018589
conv_sum,70309,1663.7639319434913,59.408893800972734
