workloads,ass_cycles,ass_sim_kcs,ass_veri_kcs
kmp,8192,1442.7615357520253,81.92
spmv,25198,168.17951250767547,45.81454545454545
merge_sort,49152,210.74656559246748,52.28936170212766
radix_sort,49433,793.7983749237242,71.64202898550725
fft,55309,260.9505925870008,52.67523809523809
conv_sum,70309,1724.4855411934952,81.7546511627907
