benchmarks,minor.cycle,minor.insts,minor.kcycle/s,minor.v.kcycle/s,ooo-1.cycle,fbp.cycle,tbp.cycle,tbp.rate,sodor.cycle,sodor.insts,sodor.kcycle/s,gem5.ipc,gem5.kcycle/s
median,7631,4150,187.76,104.31111111111112,4784,7715,6524,0.5936,6369,4155,43.217006091183165,0.782433,60.26923076923077
multiply,34304,20897,166.13809523809525,96.91388888888888,21582,36819,28286,0.9045,33136,20902,43.51301891427168,0.79817,208.2349397590361
qsort,205680,123504,173.41924882629107,98.24015957446808,147219,197581,183237,0.6495,172780,123509,46.86251755658401,0.722967,996.8387096774194
rsort,182444,171129,125.8059748427673,85.11978723404255,171157,182420,176815,0.7623,182392,171134,44.2469692887931,0.724132,1188.3523316062176
towers,7124,6167,135.6,93.225,6357,7061,6836,0.8094,7000,6172,43.88702494061758,0.878434,32.50344827586207
vvadd,3020,2413,146.48333333333332,87.89,2414,3019,2718,0.7166,3020,2418,44.46626151243657,0.888357,29.88950276243094
