wl,sodor.cycle,sodor.e2e,sodor.insts,sodor.CPI,sodor.sim,sodor.cycle/s,minor.e2e,minor.cycle,minor.speedup,tbp.cycles,tbp.speedup,fbp.cycles,tbp.speedup,ooo-1.cycle,ooo-1.speedup,?,minor.insts,minor.CPI,minor.sim.rust,minor.cycle/s,speedup.1,minor.verilator,minor.v.cycle/s,speedup.2,sim.speedup,gem5.e2e,gem5.stats,gem5.ipc,gem5.simtime,gem5.cycle/s
median.log,6369,702406,4155,1.53,52.309,13.4280143,14650,7631,0.8336175783,6254,1.018388232,7715,0.8255346727,4785,1.331034483,145.8831176,4150,1.838795181,0.346,42.34104046,3.153187025,0.478,30.64853556,1.38150289,1.38150289,9050,5943,0.7824,0.387,23.38501292
multiply.log,33136,708566,20902,1.59,52.405,13.52096174,56196,34304,0.9657204258,28286,1.171462915,36819,0.8999701241,21583,1.535282398,654.5940273,20897,1.641575346,1.156,48.61245675,3.59534016,1.85,30.37621622,1.600346021,1.600346021,25756,33500,0.71038,0.402,64.06965174
qsort.log,172780,2035286,123509,1.40,150.227,13.54807059,301246,205680,0.8400087776,183237,0.9429318315,197581,0.8744767969,,,1369.128053,123504,1.665371162,5.892,51.12797013,3.773819291,10.296,29.25854701,1.747454175,1.747454175,187486,171427,0.7204,0.46,407.5782609
rsort.log,182392,2627916,171134,1.07,190.372,13.80410985,382551,182444,0.9996857725,176815,1.031541442,182420,0.9998465081,171158,1.065635261,958.3552203,171129,1.066119711,9.4,40.69691489,2.948173793,14.2,26.94021127,1.510638298,1.510638298,273786,208110,0.781,0.51,536.8352941
towers.log,7000,591246,6172,1.13,44.139,13.39509278,13868,7124,0.9817980389,6836,1.023990638,7061,0.991360997,6358,1.100975149,161.3992161,6167,1.155180801,0.396,35.02020202,2.614405335,0.484,28.65289256,1.222222222,1.222222222,6071,4321,0.8643,0.38,15.97631579
vvadd.log,3020,709726,2418,1.25,53.181,13.34548053,7683,3020,0.8862696443,2718,1.111111111,3019,1.000331236,2415,1.250517598,56.78719844,2143,1.409239384,0.256,30.01171875,2.248830133,0.266,28.88345865,1.0390625,1.0390625,5515,2714,0.8883,0.36,15.31944444
