workloads,bambu.cycle,verilator.k/s,assassyn.cycle,assassyn.k/s,av.k/s
kmp,39155,56.25718390804597,8192,1414.853195164076,81.92
spmv,11166,15.974248927038628,25198,187.5534979270716,51.42448979591837
merge,72093,70.12937743190662,49152,235.96735477676427,56.49655172413793
radix,135989,74.10844686648501,49433,842.2155586601697,77.2390625
stencil,68772,70.03258655804481,70309,1876.257572118592,86.80123456790123
