workload,bambu.cycle,bambu.simtime,verilator.k/s,bambu.area,assassyn.cycles,speedup,mach.loc,assassyn.simtime,assassyn.verilator,assassyn.k/s,av.k/s,sim.speedup,assassyn.area,assassyn.loc,assassyn.top,assassyn.module,assassyn.tb,area-saving,perf/area,loc-overhead,
kmp,39155,0.7,55.93571429,618,8192,4.779663086,21,0.011,0.112,744.7272727,73.14285714,10.18181818,175,61,8,41,12,0.283171521,16.87903878,0.6853932584,
spmv,27174,0.741,36.67206478,2165,25199,1.078376126,17,0.296,0.618,85.13175676,40.77508091,2.087837838,340,186,6,148,32,0.1570438799,6.866718567,2.188235294,
merge,72093,1.04,69.32019231,/,51199,1.408093908,44,0.217,0.845,235.9400922,60.59053254,3.894009217,311,136,9,109,18,0,#DIV/0!,1.214285714,
radix,135989,1.928,70.53371369,1528,49432,2.75103172,86,0.111,0.82,445.3333333,60.28292683,7.387387387,300,302,32,234,36,0.1963350785,14.01192156,1.961038961,
stencil-2d,68772,1.048,65.6221374,614,70308,0.9781532685,35,0.078,0.972,901.3846154,72.33333333,12.46153846,413,147,43,79,25,0.6726384365,1.454203649,1.427184466,1.38504605
fft,87232,0.33,264.3393939,1416,55309,1.703417301,26,0.015,1,3414,51.21,66.66666667,1341,198,22,164,12,0.9470338983,1.798686725,2.106382979,
