workloads,bambu.cycle,verilator.k/s,assassyn.cycle,assassyn.k/s,av.k/s
kmp,39155,93.00475059382424,8192,3274.18065547562,189.44982770981244
spmv,11166,33.4311377245509,25198,455.6929976851852,115.20981738708998
merge,72093,145.93724696356276,49152,569.9046912320571,139.58441602698994
radix,135170,173.2948717948718,49433,1930.222569308864,167.98860886822715
stencil,64085,156.3048780487805,70309,3856.139965995722,186.3418073106607
