workloads,bambu.cycle,verilator.k/s
kmp,39155,55.85592011412268
spmv,11166,15.905982905982906
merge,72093,70.61018609206661
radix,135989,75.00772200772201
stencil,68772,69.3965691220989
fft,14136,47.27759197324415
