workloads,bambu.cycle,verilator.k/s
kmp,39155,56.257183908045974
spmv,11166,15.974248927038627
merge,72093,70.12937743190662
radix,135989,74.10844686648501
stencil,68772,70.03258655804481
