workloads,bambu.cycle,verilator.k/s
kmp,39155,57.49632892804699
spmv,11166,16.206095791001452
merge,72093,70.06122448979592
radix,135170,74.96949528563505
stencil,64085,68.32089552238806
