benchmarks,minor_cycles,minor_insts,minor_sim_kcs,minor_vtb_kcs
median,7631,4150,89.4095238095238,39.11666666666667
multiply,34304,20897,88.32658227848101,38.130054644808745
qsort,205680,123504,92.34575,39.0468287526427
rsort,182444,171129,68.3868376068376,33.5623322147651
towers,7124,6167,62.15,36.38048780487805
vvadd,3020,2413,67.6076923076923,38.21304347826087
