all_ipc,cycle_s
0.782433,23.742424242424242
0.79817,80.20185614849188
0.722967,372.31325301204816
0.724132,443.6208897485493
0.878434,11.52322738386308
0.888357,13.525
