benchmarks,gem5.ipc,gem5.kcycle/s
median,0.782433,23.044117647058822
multiply,0.79817,84.30975609756098
qsort,0.722967,361.4269005847953
rsort,0.724132,436.86095238095237
towers,0.878434,11.037470725995316
vvadd,0.888357,13.004807692307692
