benchmarks,sodor.cycle,sodor.insts,sodor.kcycle/s
median,6369,4155,12.765911817091345
multiply,33136,20902,12.514632897084018
qsort,172780,123509,12.65764482726453
rsort,182392,171134,12.727464693233111
towers,7000,6172,12.458299970500232
vvadd,3020,2418,12.620492211394836
